Do you feel safe riding your bicycle in Syracuse,Why or why not?,What changes would you like to see in cycling infrastructure?,Does the current state of infrastructure affect your plans for the future?,What type of riding do you do?,What gender you identify with?,What is your employment status?,Where economic class would you put yourself in?,What age range are you in?
Yes,"Because I am an experienced rider, and I recognize not everyone is so and probably feel very unsafe bicycling our streets.",Much more signage and sharrow painting would show the city support for bicycle riders. There should also be a PSA campaign. ,Doesn't affect me.,"Recreation, Commuting",Man,Full time,Middle Class,51-60
No,There are drivers unwilling to share road and even when there are lanes for bicycles/ebikes they will be impeded by either lack of being maintained (we get a lot of snow) or trashcans/parking/deliveries.,County wide lanes so it's safe to commute via bike because it should be. Connect the burbs to the city it's what we really need for safe bike environment. They also have to be maintained or they serve absolutely no purpose.,I don't have a choice. It isn't fair to force people to use cars it isn't even safe to walk anywhere in Onondaga county to be fair...Syracuse just happens to be the worst when it comes to bike stuff which is why I live in a burb and commute. Not worth the $$$ ,Commuting,Woman,Full time,Middle Class,31-40
Yes,Yes but with caveats. I feel safe riding on bike infrastructure and in low traffic times. ,"More protected pathways, more tickets for drivers who violate pedestrian/bike right of ways. ",I'm pretty committed to Syracuse at this point- having more bike infrastructure would make me happier to be there though. ,Commuting,Woman,Full time,Middle Class,31-40
Yes,"Most of the time I feel safe when I ride in Syracuse.  I do chopse streets on which I feel comfortable riding . I avoid streets on which I am not comfortable riding,",Road diets with bike lanes on all 4 lane streets.  R.  Signal detection that detect bicycles. A 20  mph speed limit on city streets.  Speed limits enforced.  More bike racks everywhere people can be expected to go.,No. I expect to die here.  My family is here.,"Recreation, Commuting",Man,Part time,Middle Class,51-60
No,Motorists are not concerned with cyclists and will not provide enough clearance and or yield to cyclists. ,Need legislation to be enforced by law enforcement and identify other legislation missing that would enhance cyclist safety. ,No,Recreation,Man,Full time,Prefer not to say,41-50
Yes,Nothing bad has happened to me yet. Also the bike lanes/paths give sometimes good alternatives to riding with traffic. ,More bikes lanes that are well maintained and swept,"I’m excited about it but I wouldn’t take it into consideration to leave or stay, only because idk I left if would be for a job. ",Recreation,Woman,Full time,Middle Class,31-40
No,"""bike lanes"" are not bike lanes,","complete loop the lake, make safe connections from neighborhoods to Erie canal trail and other city trails ","encourages me to leave, Syracuse is not a bike able cities and there are comparable cities that are. ",Recreation,Man,Full time,Middle Class,31-40
No,Too many shady people making it feel like I’m going to get robbed or mugged,I would love to see a citywide infrastructure change. Too many bad eggs in Syracuse,It encourages me to leave. Don’t even want to go out downtown anymore after 9pm because it feels unsafe.,Recreation,Man,Full time,Middle Class,31-40
No,Afraid of cars ,Bike lanes in the entire city ,No,Recreation,Woman,Full time,Upper Middle,31-40
Yes,"Designated bike lanes, lots of areas to ride ",Even more bike lanes,Stay,Recreation,Woman,Full time,Middle Class,31-40
No,Distracted drivers and unclear bicycle lane patterns,"More bike paths connecting other areas of the city,  not just empire state trail.",I will be staying regardless ,"Recreation, Commuting",Man,"Part time, Full time",Lower Middle Class,21-30
No,"No separate bike lanes, cannot bike with my family.","separate lanes, not with traffic, like in Colorado. Also, bike lanes merge with regular lanes at times, and auto drivers are unaware. Especially in high traffic commuter areas, i.e. university area.",Doesn't encourage me to stay! It is not something that we think highly of. ,"Recreation, Commuting",Woman,Full time,Lower Middle Class,31-40
Yes,"It’s not a yes no issue for me. Generally I feel safe on most routes, but I wouldn’t do other routes because the roads aren’t great for it. I feel safe most of the time but there are occasional close calls or incidents that make me feel less safe.",Bike lanes,Not really,Commuting,Prefer not to say,Prefer not to say,Prefer not to say,31-40
No,I do not feel safe to ride in Syracuse because of the lack of marked bike lanes.,Clearer marked bike paths,I would prefer to move to a city with a safer infrastructure.,Recreation,Woman,Full time,Upper Middle,21-30
No,Almost jumped 2 years ago at 11pm,Better safer bike lanes that don’t have debris and sewer drains every few feet. ,Syracuse is worse everyday ,"Recreation, Commuting",Man,Full time,Prefer not to say,31-40
No,"Cops are rarely visible doing speed traps or signal enforcement or other traffic patrols. Drivers can apparently hit and kill bicyclists while speeding and running red lights, and the judge will only put them on probation instead of sending to prison. But there are also many ignorant bikers making a bad reputation for the safe bikers - when people ride on the sidewalk, the wrong side of the road, sidewalks AND the wrong side, no lights at night, no stopping for lights / signs, unconventional turns, etc, it makes it hard for drivers to predict what a biker might do. Many drivers and bikers alike don't realize bikes are not just entitled to share the road but must be in the road, not the sidewalk. Drivers need to be more accommodating so bikers can feel more comfortable riding in the road. Busy streets that lack shoulders or bike lanes (like James St) need one or the other. ","Busy streets that lack shoulders or bike lanes (like James St) need one or the other.   Bikers shouldn't have to ride IN a traffic lane, especially when there are dangerous storm drains forcing us 3 feet out from the curb on every block. Would also like to see more workplaces install locker rooms and showers to make commuting by bike easier.",Neither. I'm here for my job but I don't bike in the city as much as I used to or would like to. ,Recreation,Man,Full time,Middle Class,41-50
Yes,"I used to, but not anymore since this story came out.",Physical dividers for bike lanes,Does not encourage me to stay and actively discourages me from biking,Recreation,Man,Full time,Middle Class,31-40
No,"There isn't enough protection from cars; the shoulders are too small or non existent, especially in faster roads. And even though legally I'm not supposed to ride a sidewalk, in the few places I am forced to, the sidewalks aren't even level, if they even exist ","With the amount of distracted drivers, anything to protect me; preferably a barrier of some sort (ie physical separation from the general road) or at least larger shoulders","I would love to bike to work, but it is just not safe enough to do so at this time....which is sad becyum only 3 miles from my office","Recreation, Commuting",Woman,Full time,Middle Class,41-50
Yes,"I ride for leisurely reasons now and don't have to go on dangerous roads, so it's easy. I will say this isn't true for everyone. I am so glad they fixed Erie Blvd. I haven't had anyone threaten or follow me on a bike either so I personally feel safe. ","More bike lanes are always good. Fix areas where it's impossible to get around, such as the areas between SYR and Town of Salina. ",I like it to be bike friendly in case I go back to commuting by bicycle. My partner also depends on the bike infrastructure to get to work. ,Recreation,"Non-binary, genderqueer, or gender fluid",Full time,Middle Class,21-30
No,There are not enough bike lanes connecting different parts of the city; road construction makes it very difficult to safely navigate.,"More bike lanes, more driver awareness",It encourages me to leave and move to a more bike friendly city. ,Recreation,Woman,Full time,Middle Class,41-50
No,"On many streets there are no bike lanes, or if there are, they are not easily seen. Traffic is not controlled well and I've been forced off the road and/or nearly hit by speeding vehicles,  vehicles not giving space, etc.","More highly visible, safe bike lanes, public education and signage about how drivers and riders should co-exist,  traffic enforcement for bikes and other vehicles. ",I'm not going anywhere but I would be much more involved in the city if I felt safer riding.,"Recreation, Commuting",Woman,Full time,Middle Class,61-70
Yes,"I feel safe on most of the streets around SU/ESF, but less so downtown and outside of the city. The highway underpasses feel especially iffy, but there are a lot of streets downtown with no space for bikes, and streets outside of downtown with no dedicated bike lane and relatively high speed limits. ",Id like to see clearly marked bike lanes on more streets. ,"If the roads felt a little safer for cyclists, I would do more of my errands by bike. ","Recreation, Commuting",Woman,Full time,Middle Class,41-50
No,Most bike lanes when they do exist are just a painted white line. We need protected bike lanes. ,Protected bike lanes ,"No, I have no option",Commuting,Woman,Full time,Upper Middle,31-40
No,"Aggressive, reckless, distracted drivers. Debris in bike lane. Vehicles idling/parking in bike lane. Right hand hooks. Lanes not plowed. ","Grade Separated bike lanes, consistent plowing of separated lanes, slower drivers, less aggressive drivers, ban cars","No. There may be a bumper somewhere with my name on it, but I’m determined to outrun it",Commuting,Man,Full time,Middle Class,31-40
No,"My real answer to the question above is sometimes yes and lots of times no--it depends on where I am. Too much of our bike infrastructure is just a painted line that could just as easily be delineating the shoulder of the road, such as on S Salina St, south of Seneca Turnpike. And then that minimal lane just ends well before the intersection of Salina & Seneca Tpke. Many other examples. There are many streets that need bike lanes and have none.","More protected bike lanes. Better connectedness. Upgrade lanes that have seen no upgrades since they were first created. Keep the infrastructure going through the intersections. So often, at the point where the street gets most complicated, the bike lanes, such as they are, just stop. We need more bike parking, at least bike racks. And make them staples--not wheel benders or even waves. From where I live I easily ride my bike downtown, but I usually have to lock my bike up to a street sign. ","I'm old. Most of my children and grandchildren live here. There is much to love about Syracuse and CNY. So I'm here to stay, regardless of the state of the infrastructure. But it could/should be so much better. I live in the Valley. Several of my grandchildren live in the Valley. I envisioned the Onondaga Creekwalk Phase III being completed so that we could ride our bikes from our neighborhood to downtown and beyond, to Onondaga Lake, and even around much of the lake. But who knows when Phase III will be built? In the meantime, my grandchildren are growing up, and as they grow up they ride their bikes less and less because safe infrastructure in and beyond this neighborhood is so spotty.

For the following question, I also ride my bike to go shopping, to the library, and many other errands and purposes.","Recreation, Commuting",Woman,Part time,Middle Class,61-70
No,Too few bike lanes. ,More bike lanes!,No,Recreation,Woman,Full time,Middle Class,51-60
No,I do not feel safe because of high speed vehicles adjacent to bike lanes.,"I would like to see more speed tables for cars, separated bike lanes (ideally) or even buffered bike lanes.","No, I’m here for my degree.","Recreation, Commuting",Woman,Grad student at a local college,Lower Middle Class,21-30
Yes,"I feel safe to ride in Syracuse because I never ride on the road, I only ride on closed trails. I am too scared to be hit by a car on the road. ","I’m not sure, I do not have any thoughts on it at the moment.",Not really ,Recreation,Man,Full time,Lower Class,21-30
Yes,"I answered Yes but it would be more appropriate to say mostly yes but sometimes no. I've been bike commuting about 3 miles a day for several years and my experience has improved, especially when bike lanes were added to Salina. The main issue I feel now is with cars driving recklessly, speeding through red lights, and some drivers driving aggressively towards me as a cyclist.","Expand the mileage of bike lanes and more places with secure (ideally indoor) bike parking. I've too often locked my bike outside to come back and find something stolen, including brake pads... I'd also like to see more dedicated bike lockup areas, not being forced to use a street sign.",I'm encouraged by the investment the City is making in bike infrastructure. ,"Recreation, Commuting",Man,Full time,Upper Middle,41-50
No,"Terrible infrastructure, bike lanes disappear, big busy intersections.",Better bike lanes ,Does not encourage staying.,"Recreation, Commuting",Woman,Full time,Middle Class,21-30
Yes,"I feel as safe in Syracuse as any other city, sometimes more safe because there's not much traffic",Bike lanes on more streets!,I find Syracuse more bikeable than anywhere else I've lived before and it's definitely a factor making me more reluctant to leave,"Recreation, Commuting",Woman,Full time,Upper Middle,21-30
Yes,Feel safe: I know how to get around & use bike paths & safe streets when possible.,"Better painting of bike lanes with the direction arrows included. Not infrastructure, but more City sponsored bike activities. Bike week, month, etc. Mini roundabouts at problematic intersections to slow traffic.",No,"Recreation, Commuting",Man,Other,Middle Class,71-80
No,"I don’t feel safe because aside from a couple miles on Erie Blvd, we don’t have truly protected bike lanes. I’ve gotten t-boned and thrown off my bike by a truck once on my commute and typically brace for impact at least a few times a week (I commute to work via bike every day). I commute on the Genesee St. bike lane but it’s definitely more of a suggestion than a designated area for bikers to safely commute. Cars swerve into the bike lane, open car doors into it, park in it, etc. And having a suggested bike lane like the one on Genesee is best case scenario for Syracuse — most other streets have nothing to even signal to cars that a biker might be riding on the same road. When I think about where I want to buy a house in the city, I do take into consideration how safely I’ll be able to commute. For example, I like Tipp Hill and Strathmore neighborhoods but it’s a nightmare biking to/from because of how unsafe the roads are — so I won’t consider buying a house in those neighborhoods. Given how weak the housing market already is in Syracuse we can’t really afford to not be investing in aspects of neighborhoods and infrastructure that will actually attract people to the city. ",More protected bike lanes. ,I’ll probably keep living in the City but it dramatically impacts my choices in term of where I’ll consider buying a house and where I won’t. ,"Recreation, Commuting",Woman,Full time,Middle Class,21-30
No,Drivers do not follow signs and lights ,More bike lanes with the white poles like other cities. ,No ,"Recreation, Commuting",Woman,Full time,Upper Middle,41-50
Yes,There are bike lanes in the areas that I need to navigate,Better enforcement of “no parking in bike lanes”,"The direction the city is moving in invites me to stay, but the current state is still difficult in places",Commuting,Man,Full time,Lower Middle Class,21-30
No,Not enough bike lanes,"More bike lanes, smoother roads",No,Recreation,Woman,Full time,Upper Middle,41-50
No,"I do not feel safe because of the lack of bike lanes, especially protected bike lanes. As well as a lack of awareness and education about when cars/bikes/pedestrians have the right of way.",More protected bike lanes. More places to lock up bikes.,"As much as I would love to stay in the city, the current bike infrastructure does not give me much hope and does encourage me to leave for somewhere more bike friendly.","Recreation, Commuting",Man,Full time,Lower Middle Class,21-30
No,I often need to bike with my kids and there have been enough instances where I really how risky it is. Been yelled at by parents of other kids in the same school. ,"Bike lanes through major thorough-ways outside of just Westcott / University. For my family, a lane on Butternut and/or Court would greatly expand safety for my kids, especially crossing over 81.","I’d stay, but it affects how much we can bike.",Recreation,Woman,Full time,Middle Class,31-40
Yes,"I don't think it's as clear a yes or no, some places feel safe, others not.  A protected bike lane makes it feel much safer, an unprotected bike lane feels ok generally, while no bike lane feels unsafe on anywhere that isn't a neighborhood street",More protected bike lanes,Neutral ,"Recreation, Commuting",Man,Part time,Middle Class,21-30
No,constantly at risk of getting plowed by a distracted driver in a huge suv. ,I doubt anymore bike lanes would do anything. The protected bike path on Erie blvd is amazing tho! ,Not really. I’m a rider I’m always gonna ride. ,"Recreation, Commuting",Man,Full time,Lower Middle Class,31-40
No,I do not feel safe because bike lanes are inconsistent and construction projects often cut off all safe access for cyclists.,"More bike lanes, and construction that doesn’t block them fully. More ways to do long rides out of the city.",No,"Recreation, Commuting",Woman,Grad student at a local college,Middle Class,21-30
No,"High traffic zones, not enough cycling routes ",Better city planning for cycling also snow removal with cyclers in mind,Neither I love cycling so it's not going to deter me ,"Recreation, Commuting",Man,Full time,Middle Class,51-60
No,It’s not exactly a no for me - there are places that feel safe.  There are others where there is high risk of riding over glass and popping a tire or where there you are very close to cars. ,Would love to see parts of railroad infrastructure that is no longer used or maintained reclaimed for safe biking space. ,Does not really affect plans ,Recreation,Woman,Full time,Upper Middle,31-40
Yes,"I feel safe in most parts of Syracuse because I follow the same laws that cars do. I wish there were more bike lanes. driving between the road and the curb as a designated bike lane feels more dangerous than just driving in the road. That space is narrower, and often has debris like glass and broken car parts. ",More designated bike lanes and clear signage ,N/A,"Recreation, Commuting",Man,Full time,Lower Middle Class,31-40
Yes,I am a confident cyclists and I say in general that I feel safe because I suspend my fear in order to enjoy cycling.  But there are a lot of reasons to be afraid of it and from my perspective one of the largest is the irresponsibility of many drivers and how they do not respect bikes on the road. Drivers not expecting and looking for cyclists and using phones while driving give me the most fear. ,"Dedicated routes, select separated bike lanes and driver education/ safety awareness campaign, enforcement ( lots of cars park in bike lanes) bike parking at businesses and other community centers. ","Yes, it makes me want to leave. ","Recreation, Commuting",Woman,Full time,Middle Class,21-30
No,Primarily due to the lack of concern by vehicle drivers on the road. Their lack of care and sense of entitlement make riding along roadways too dangerous.,"Better bike lanes separated from traffic lanes to ensure delivery trucks or the ""I'll only be a minute"" folks can't block the lanes for cyclists.",Current changes related to the community grid will be a benefit to the community. ,Recreation,Man,Full time,Middle Class,41-50
No,"Car drivers seem worse than ever. Speed limits, stop signs and traffic lights have become optional ","More bike lanes, more traffic enforcement",Infrastructure is getting better. CNY is a beautiful place to ride. ,"Recreation, Commuting",Man,Full time,Middle Class,61-70
Yes,It sort of depends? Some days are fine and I’m able to bike where I need to go with no problems. But there have been other days where I have got some really uncomfortable cat calling comments at me on my way to work. One man said to me as I was biking down Marcellus street “I see you bike around here everyday beautiful” which made feel extremely unsafe just the thought of some creepy old guy watching me. ,"More bike racks around downtown to park your bike!!! It’s such a task to find places to lock up my bike around town, often I have to use my U-lock on parking signs, trees, or attempt to lock it to a fence. The only place I have actually used a bike rack is at my place of work. ",I think it’s okay-ish but would be happy to see some change <3,Commuting,Woman,Part time,Lower Middle Class,21-30
No,"I don't feel safe because drivers don't pay attention to cyclists, there aren't enough bike lanes, and when there are bike lanes, drivers do not respect them. There are often vehicles and delivery trucks parked in the bike lane.","More bike lanes would be great, some way to enforce that the lane is not for parking. More bike racks at businesses.",It makes me frustrated and afraid to bike despite my lack of a vehicle.,"Recreation, Commuting","Non-binary, genderqueer, or gender fluid",Grad student at a local college,Lower Middle Class,31-40
No,Too many close passes by drivers. Bicycle lanes generally are not separated or respected,Physically separated bicycle lanes that cars are unable to claim/may be shared with buses or wheelchairs. Covered/secure bicycle parking where appropriate. ,I will continue to bike as i have despite lack of infrastructure.,"Recreation, Commuting",Man,Full time,Lower Middle Class,31-40
No,I don’t feel safe riding in Syracuse because I get anxiety riding with a lot of cars around. ,Better bike lines and protected lanes. Protected lines would make it so cars don’t park in the lanes which puts riders at further danger when needing to maneuver around.  ,Not leave but I have always wanted to ride my bike to work and am scared so I haven’t. ,Recreation,Woman,Full time,Middle Class,21-30
No,Cars. Ignorant people distracted driving that think that bikes don’t have a right to be on the road.,Isolated bike lanes separated by physical barriers,I already spend all summer on Cape Cod with dozens of miles of paved rail trail.,"Recreation, Commuting",Man,Other,Middle Class,61-70
No,Having cyclist use road is not normalized in Syracuse. Roads are clearly built for vehicles only.,Actual bike lanes created with all road construction with visual cues for drivers.,It does make me long to live somewhere where bikes sharing the road is a part of normal life,Recreation,Woman,Full time,Upper Middle,51-60
Yes,"I feel safe because I made it a priority to live where there’s a bike lane for ~80% of my commute (took me 2 months of living too far and driving, but I finally found a spot within my price range).",PROTECTED bike lanes!!,I haven’t lived here in winter yet. Hoping the snow isn’t just pushed into the bike lanes. ,"Recreation, Commuting",Woman,"Grad student at a local college, Part time",Lower Class,31-40
No,"Lack of bike lanes, and the bike lanes that do exist have no barriers or lane separation. Even small parking blocks run along side a bike lane would go a long way for me.","More legitimate bikes lanes, not just sharrows, and bike lanes that are seperated from car traffic.","I think if I didn't have other factors keeping me in Syracuse, being unable to bike safely would push me away I think. I really enjoy when I'm biking to work and I take a calm and quiet side street through a neighborhood, but only until a car zooms past","Recreation, Commuting",Man,Full time,Middle Class,21-30
Yes,"I think it is something of a conditional response based on where I ride (between my home and SU campus, primarily).  For me, I have decent bike routes through either Oakwood or on Comstock, and I would say they are fine.  That said, biking more widely throughout Syracuse is a bit sketchier.  It has gotten better in the campus/downtown areas over the last 10 - 15 years, but things like crossing the major highways (81, 690, 481) are always a bit rough, and the infrastructure for biking is less good as you get away from campus or downtown.","I'd love to see a few dedicated bike thoroughfares that cross the city in various directions. Bike lanes are a start, but they still put you riding in traffic.  I lived in Madison WI for about 10 years, and one of the nice things about that town was that you really could get most places on a dedicated bike lane where cars were not allowed. I know there are some of these in town (Creekwalk, Erie Trail, Empire), so it is getting better, but depending on where you are, it can still be a bit challenging to get *to* the dedicated trails.","No, for the types of riding that I do and the frequency that I do them, the infrastructure here is fine.  I'd like to see more, of course, but it doesn't affect my planning.","Recreation, Commuting",Man,Full time,Upper Middle,41-50
No,"Not many bike lanes, especially further from SU campus. Cars frequently stopped or parked in lanes, people jogging or scooters using in wrong direction, this week even a motorcycle. People don't know how to use bike lanes or how to drive around them","MORE. Both protected and non-protected. Also more education for cyclists, motorists, pedestrians and scooters",Affects where we live in Syracuse ,"Recreation, Commuting",Woman,Full time,Upper Middle,41-50
No,Poor infrastructure and the constant contact with drivers who don’t understand that cyclists have right to the road,Protected bike lanes separate from car traffic. Leading ped/bike signals at traffic light. Narrower car lanes in urban areas to slow traffic.,Lack of safety as a cyclist is the number one cause for me looking to move out.,"Recreation, Commuting",Man,Full time,Upper Middle,21-30
No,"No protected bike lanes, very few if any traffic calming infrastructure, cars here ignore many traffic laws (eg, blow through stop lights and do not stop at stop signs), and bicyclists are not respected on the roads  ","Protected bike lanes, bike routes routed around busy highways/dangerous intersections, and traffic calming infrastructure in the city",Encourages me to leave,"Recreation, Commuting",Woman,Full time,Lower Middle Class,31-40
No,The vehicles to not respect riders or rules of the road. ,More protected bicycle lanes ,Yes!,"Recreation, Commuting",Man,Full time,Middle Class,41-50
No,I wish there was a sometimes option.  I broadly feel safe but there are certainly times where I do not.  I generally feel on my daily commute from Eastwood to University Hill (and will feel even safer once the bike lanes on Burnet and Peat are completed).  There are times riding downtown though where there's no choice but to ride in the streets which some motorists do not like and sometimes yell...,"I would like to see more bike lanes generally, especially protected bike lanes and bike lanes along or near streets that go from one part of the city to another.  I'd love to be able to ride from Eastwood to Tipp Hill but I'm not sure of a good way to do that without riding on heavily trafficked roads.",I will continue to commute daily (we'll see how late into the year I actually stick to this...) and am encouraged that the city has plans to add some new bike lanes but there could always be more and it could always be better.,"Recreation, Commuting",Man,Full time,Middle Class,31-40
Yes,I mostly ride it around the university neighborhood / Barry Park /SU /Upstate area which generally has good shoulders or bike lanes. ,More sheltered bike racks. My pie in the sky dream is something like this: https://en.wikipedia.org/wiki/Trampe_bicycle_lift  going up Waverly / Marshall / Adams to make it easier to bike from Downtown to University Neighborhood / Westcott.,No,"Recreation, Commuting",Man,Full time,Middle Class,31-40
No,"Not really. It seems like drivers don’t know that cyclists have the right to the road. Also, it’s dangerous when other cyclists ride on the wrong side of the road.","More protected bike lanes, more sharrows, more public education Re: cycling rights",No,Commuting,Woman,Full time,Lower Middle Class,31-40
No,"Traffic, the carelessness of drivers ","A lane, enforcement of speed",It will…..,"Recreation, Commuting",Man,Other,Upper Middle,31-40
No,"Not enough bike infrastructure and awareness from motorists. The new traffic circle, also, was 100% created with ONLY motorists in mind. Cyclists will be taking our lives in our hands trying to get to downtown and campus now.",Bike lanes and signals. Basically more of Erie Boulevard: separate bike lanes with signals for bikes. ,It’s encouraging me to leave. How can a city have a HUGE road reconstruction project and exclude an entire demographic????,"Recreation, Commuting",Woman,Full time,Middle Class,41-50
No,"Lack of infrastructure, hostile drivers, generally poor road conditions, broken glass,","Covered bike paths, more pedestrian/bike only streets",Encourages me to leave but can't afford to,"Recreation, Commuting","Non-binary, genderqueer, or gender fluid",Full time,Lower Class,31-40
No,"Lack of decent (or any) bike lanes, debris left and cars parked in bike lanes, cars blowing through stop signs",More bike lanes and improved enforcement of bike lanes,Neither,"Recreation, Commuting",Man,Full time,Middle Class,51-60
No,"To many streets in the city with narrow or no shoulders, often decorated with broken glass, folding pavement, or deep potholes.",Expanding marked bike lanes and/or improving the quality of the road surfaces outside of the most affluent residential and commercial areas.,"Other things constrain any impulse to move my residence, but there needs to be more established bike routes",Commuting,Man,"Part time, Full time",Lower Middle Class,41-50
No,Bike lanes are not protected from surrounding traffic,Dedicated bike lanes with barriers to prevent collisions with cars,"I'm not going anywhere, but I will cycle more if I can feel secure",Recreation,Woman,Other,Lower Class,71-80
No,"I don’t feel safe riding my bike in Syracuse because there are often either cars or trucks parked or garbage, broken glass, plant debris in the  lanes. often there are people jogging the opposite direction causing you to have to swerve. that combined with all the texting and driving, ignorance of basic traffic rules, it does not feel safe ",more protection for bike lanes (plastic dividers) and more dedicated areas for garbage and joggers ,"neutral, i can walk or drive to the destinations i use my bike to access ",Commuting,Woman,Full time,Lower Middle Class,21-30
Yes,"I am a very experienced and aggressive rider. 
It took me years to realize this. 

I find that it is important to make eye contact with motorists; and a friend long ago taught me that looking at the tires/rims of a car for motion is a better indicator than looking at the entire vehicle itself. While I am likely a nuisance to motorists sometimes, I find it important to make eye contact - for my safety and to transmit acknowledgement through a sincere polite nod or wave, to help register to them that you are human. It's important to be kind and rise above the car v. cyclist stigma, so that the motorist mindset might have hope of changing - one interaction at a time.. there are too many cyclists that act with animosity toward motorists, and it only breeds resentment and compounds negative attitudes. I also feel / have heard from research, that it is important to ride in plain clothes to look as much like a human as possible (sans spandex, sans helmet) to further remind motorists that we are people. I suppose I'm implying the opposite is true too.. remembering motorists are people too.. even if they seem like awful automatons that are slowly dying inside from an unsustainable lifestyle that leads to systematic reliance on increasing financial obligation and contributing to their own expense, wasted time, and poor health... instead of the freedom of bipedal transportation. ","More dedicated/separated bike lanes are important for new cyclists to feel safe riding their bikes. 

We (Syracuse) are far behind the curve in bicycle culture.. and there seems to be a pervasive belief that bikes are for children, sport, and/or the wealthy. This is an infuriating and inconvenient mindset.. especially because the entitlement is held so strong with motorists, despite that we all must share the roads, and we all support the associated costs, yet the high cost of upkeep is demanded for the benefit of motor vehicles.. (so as much as I'd prefer to just be visible and take a lane and save $$ for municipalities.. it is important to build awareness and cycling culture through safe infrastructure) 

it's possible that some sort of education campaign could work.. but doubtful.. ""more people on bikes"" is a thing people say, and that seems to be the only way.. and to do that, it needs to be made easier",indifferent for myself. frustrating that the culture is lagging behind... so I suppose I feel a tug to be somewhere where it isn't so strange or difficult to ride a bike instead or using a car as the norm,"Recreation, Commuting",Man,Full time,Upper Middle,31-40
No,Lack of safe bicycle infrastructure where I want to go.,"Protected bike lane to destination: transportation center, shopping, etc.",Yes. I am thinking of leaving NY state because nowhere do I feel safe to get around by bicycle. ,"Recreation, Commuting",Man,Full time,Upper Middle,61-70
No,"There are many novice riders, scooters or other motorized vehicles that ride in the wrong direction or cars that park or drive in the bike lanes. There are a number of great routes and paths, unfortunately the residents of Syracuse need a lesson in sharing the road.",More directional signs or colored bike lanes like near campus/downtown. Dividers or curbs so people can’t park in the bike lanes,"Nope, going to ride regardless being defensive and attentive ","Recreation, Commuting",Woman,Full time,Middle Class,31-40
No,Not enough bike lanes and esp protected bike lanes,"More lanes and connecting paths like university and Genessee. Every BID should have a route like that to downtown and ideally to each other - I.e. westcott to Eastwood or westcott to the valley, etc.",Yes making Syracuse more bike and transit friendly would make it more attractive to live,"Recreation, Commuting",Man,"Grad student at a local college, Part time",Upper Middle,31-40
No,I do not feel safe to ride because drivers don't respect non-drivers (walkers or cyclists). My car was totaled parked in front of my house on Mountainview Ave where people walk every day.,Safer bike lanes/routes and car restrictions in designs as roads are rebuilt or changed. (Not infrastructure) City-wide awareness campaign for pedestrians and cyclists.,"I absolutely love the Erie Canal way bike path and that there are more permanent paths going onto Erie Blvd. That encouraged us to stay and love Syracuse more than we realized. However, a brand new overpass built over 690 on Thompson did not incorporate any plans for pedestrian/cyclists- it is extremely dangerous. We are already considering moving away. If we don't continue to see improvement, we will definitely leave.","Recreation, Commuting",Man,Full time,Middle Class,31-40
No,"In many parts of the city around the University/Dowtown I do feel safe due to infrastructure (lanes, side streets, etc.) Outside of the University area, it gets very sketchy riding alongside the cars","More lanes to crucial areas (namely safer connections to the mall, Liverpool and Dewitt)",It would encourage me to stay if the infrastructure was better,"Recreation, Commuting",Man,"Grad student at a local college, Full time",Lower Middle Class,21-30
Yes,"I feel safe to ride in Syracuse because of the protected bike lanes that happen to on my route. Otherwise, I wouldn’t feel safe.",More protected bike lanes,No but I’m encouraged by how many bike lanes that have appeared since I arrived five years ago,Commuting,Man,Full time,Middle Class,31-40
No,Most streets are 30 miles per hour with no bike lanes,Bike lanes and lower speed limit to 25,No,"Recreation, Commuting",Woman,Full time,Middle Class,31-40
Yes,Polite traffic and dedicated bike lanes,More bike lanes (SPECIFICALLY on Erie Blvd from downtown to Tipp Hill),"The more bike infrastructure, the more likely I’d stay long term. ","Recreation, Commuting",Man,Full time,Lower Middle Class,21-30
No,I don’t feel safe much of the time because drivers often seem either unaware of or uncaring of cyclists with impunity. There’s also a lack of bike lanes in important areas or safe bike routes. ,"More dedicated bike lanes and signage, particularly easy ways of getting to different points in the city. ","Eh it’s still better to be a cyclist in Syracuse than in the outer suburbs, so no but I am eager to see improvements. ",Recreation,Man,Full time,Middle Class,31-40
No,I am riding with drivers who are aggressive and dangerous.,"I would like there to be physical barriers between myself and the vehicles. ""Paint is not infrastructure.""",It does effect my plans. I'll be moving to a city where more (all?) modes of transportation are designed for.,Commuting,Prefer not to say,Prefer not to say,Prefer not to say,Prefer not to say
No,Not enough bike lanes/shoulders and the cars ,"More bike lanes, people on electric bikes adhering to rules",Spend too much time on my indoor bike because of the lack of infrastructure ,Recreation,Woman,Full time,Middle Class,41-50
No,"Traffic awareness, cell phone use by drivers and electric bikes not following rules of road or use of lights or safety gear.  No understanding of right of way or what side of road to be on.  Better education and awareness needed.",many,"Think this problem is widespread, no plans of leaving at this point, just try to stay hyper aware, consider all vehicles as potential killers.","Recreation, Commuting",Man,Other,Middle Class,51-60
No,Because literally no one here knows how to drive or abide by traffic laws,Bike lanes ,Definitely leave ,Recreation,Woman,Part time,Lower Middle Class,31-40
No,"There are basically no protected bike lanes. Speed limits are at 30mph at a minimum, which more often than not, leads motorists to drive at 35 if not 40mph.",Adding protectes bike lanes would be ideal. Remove some lanes of traffic in favor of bike lanes.,"It mostly encourages me to leave. There are other aspects that encourage me to stay, but biking infrastructure is definitely an added value to the city.","Recreation, Commuting",Man,Full time,Upper Middle,31-40
No,Cars don’t like cyclists here. Specifically cement trucks. ,Just general kindness on the road. Don’t try to pass on a blind turn/hill. Give appropriate space. ,Leave,Recreation,Woman,Other,Lower Middle Class,21-30
No,"The ""bike lanes"" are unprotected and usually in the middle of a bus lane. Drivers also aren't paying attention to anything in general, much less a bike. The lanes downtown also are where parked cars open their doors into the ""bike lane"".","Some actual dedicated lanes, instead of painting some lines.","Certainly enjoy biking on the creek walk and downtown, just have to be aware of the bad drivers.",Recreation,Man,Undergrad at a local college,Middle Class,41-50
No,"Inconsistent bike paths, drivers who don’t pay attention to you/bike paths, parking in paths, drivers who speed by while I’m riding or take such a wide berth that they are in the oncoming lane and risk traffic accidents, glass in the road, and I’ve even had someone try to knock me off my bike (or at least threaten to do so) while riding.","Dedicated, linear, cross city bike lanes without hundreds of stop signs and traffic lights. Better bike awareness campaigns from the city, road speed reductions for shared roadways.","I personally have learned to hold my space while biking but I worry about my kids, even on our street. I don’t think it would encourage me to leave but it certainly factors into why future plans.","Recreation, Commuting",Man,Full time,Middle Class,31-40
No,Not enough bike lanes ,More bike lanes ,No ,"Recreation, Commuting",Man,Full time,Lower Middle Class,21-30
No,"The new traffic circles on Brighton are insane, and there does not seem to be a plan for cycling or even pedestrian infrastructure.","Bike lanes! Or at least wider shoulders if nobody can bother to give us something as precious as a bike lane. Consideration that we actually exist would be nice, too…",Encourages me to move back to Ithaca. They at least care a little bit.,"Recreation, Commuting","Non-binary, genderqueer, or gender fluid",Full time,Middle Class,41-50
No,Congested. Distracted drivers. Awful cycling infrastructure as well as awful driving infrastructure. High crime. Gun violence. ,Better allocation of resources for the betterment of all. Government waste way too much. ,"Yes, I am likely to leave the area. ","Recreation, Commuting",Man,Full time,Middle Class,41-50
Yes,Because of bike lines and overall cars are aware.,"More bike lines, because of course!","Not a factor. Biking in the city has been great for me though. Without it, I wouldn’t have made some of the connections I did. ","Recreation, Commuting",Man,Grad student at a local college,Middle Class,21-30
No,"Car drivers are generally nice but a few aggressive ones are enough to make me afraid. They drive up too close, or honk at me for no clear reason, which startle me and I often can't react in time to find out who's honking and why and if I need to get out of the way. A lot of drivers just seem really poorly educated and yell at me to get on the sidewalk. If I do that I get yelled at by pedestrians. It's a no win.

When it snows, the ploughs push all the snow to the sides where I ride. If I take the lane I get cursed at, yelled at, or honked at, or get aggressively taken over. The bike lanes also often don't get ploughed in time and are super packed with ice. 

The constant construction is also a problem. Construction vehicles often park in bike lanes or obstruct them or have dangerous debris.","Sheltered bike lane, better salting during ice conditions, bollards to prevent cars from parking in bike lanes. Reinforcing fines for parking in bike lanes. ",I have to stay but it does make me want to get a car instead and just contribute to the problems of too many cars.,Commuting,Woman,Full time,Middle Class,31-40
No,Lack of physical separation from car traffic,"Physical barriers, separated paths from roadways","Yes, moved back to the area from DC where I relied 75% on my bike to now in Syracuse I don’t dream of it","Recreation, Commuting",Man,Full time,Middle Class,31-40
No,Not enough bike lanes or sidewalks throughout city.,"More bike lanes, more sidewalks. The city needs to not just be car-friendly, but also pedestrian and cyclist-friendly.",The fact that I can't feel safe walking or cycling everywhere strongly makes me consider leaving.,"Recreation, Commuting",Woman,Full time,Middle Class,21-30
Yes,I am experienced,Better roads! Also they need to leave bike routes open during construction. Also the bike path that runs through boulevard as part of Erie Canal trail is very poor. Too many lights.,To leave,"Recreation, Commuting",Man,Undergrad at a local college,Upper Middle,21-30
No,Drivers don’t watch for cyclists and are aggressive with cyclists,Enforcement of not parking in bike lanes,Encourage leaving,Recreation,Man,Part time,Middle Class,41-50
Yes,I love using the creek walk to commute to work & love the bike community ,"More protected bike lanes, clear snow & ice from paved paths",I’m more likely to spend time downtown when the infrastructure is safe for pedestrians and bikes. ,"Recreation, Commuting",Woman,Full time,Lower Middle Class,31-40
Yes,Some times I do and others I don't ,"Less traffic, better public transportation ",I would stay in the city of syracuse ,Recreation,Man,Full time,Middle Class,31-40
Yes,"I’m a lifelong rider using multiple lights and a bright vest, AND I know what I’m doing.",MORE BIKE LANES PAINTED BRIGHT GREEN.,I live here!,Recreation,Man,Part time,Upper Middle,71-80